{"cameraMode":{"drawMode":0,"name":"Shaded","section":"Shading Mode"},"sceneLighting":false,"audioPlay":false,"sceneViewState":{"m_AlwaysRefresh":false,"showFog":true,"showSkybox":false,"showFlares":true,"showImageEffects":true,"showParticleSystems":true,"showVisualEffectGraphs":true,"m_FxEnabled":true},"in2DMode":false,"pivot":{"x":167.81565856933595,"y":5.515545845031738,"z":125.57975006103516},"rotation":{"x":0.08397175371646881,"y":-0.7574419975280762,"z":0.09941545128822327,"w":0.6397997140884399},"size":1.4450196027755738,"orthographic":false}