{"cameraMode":{"drawMode":0,"name":"Shaded","section":"Shading Mode"},"sceneLighting":false,"audioPlay":false,"sceneViewState":{"m_AlwaysRefresh":false,"showFog":true,"showSkybox":false,"showFlares":true,"showImageEffects":true,"showParticleSystems":true,"showVisualEffectGraphs":true,"m_FxEnabled":true},"in2DMode":false,"pivot":{"x":0.03606728836894035,"y":-0.014158018864691258,"z":-0.05417950451374054},"rotation":{"x":-0.009043476544320584,"y":0.9260125756263733,"z":-0.02222832292318344,"w":-0.3767390251159668},"size":0.0678979903459549,"orthographic":false}