{"cameraMode":{"drawMode":0,"name":"Shaded","section":"Shading Mode"},"sceneLighting":true,"audioPlay":false,"sceneViewState":{"m_AlwaysRefresh":false,"showFog":true,"showSkybox":true,"showFlares":true,"showImageEffects":true,"showParticleSystems":true,"showVisualEffectGraphs":true,"m_FxEnabled":true},"in2DMode":false,"pivot":{"x":-8.62530517578125,"y":3.663940668106079,"z":-0.38085174560546877},"rotation":{"x":-0.009149448946118355,"y":0.8968356847763062,"z":-0.4418931305408478,"w":-0.018567439168691636},"size":231.9124298095703,"orthographic":false}