{"cameraMode":{"drawMode":0,"name":"Shaded","section":"Shading Mode"},"sceneLighting":true,"audioPlay":false,"sceneViewState":{"m_AlwaysRefresh":false,"showFog":true,"showSkybox":true,"showFlares":true,"showImageEffects":true,"showParticleSystems":true,"showVisualEffectGraphs":true,"m_FxEnabled":true},"in2DMode":false,"pivot":{"x":163.2677764892578,"y":2.4532785415649416,"z":129.19554138183595},"rotation":{"x":-0.21017654240131379,"y":0.22696338593959809,"z":-0.05022759363055229,"w":-0.9496439695358276},"size":4.584769248962402,"orthographic":false}