{"cameraMode":{"drawMode":0,"name":"Shaded","section":"Shading Mode"},"sceneLighting":true,"audioPlay":false,"sceneViewState":{"m_AlwaysRefresh":false,"showFog":true,"showSkybox":true,"showFlares":true,"showImageEffects":true,"showParticleSystems":true,"showVisualEffectGraphs":true,"m_FxEnabled":true},"in2DMode":false,"pivot":{"x":-156.95254516601563,"y":-85.8450927734375,"z":415.84588623046877},"rotation":{"x":-0.09205669164657593,"y":0.15380404889583589,"z":-0.01439379621297121,"w":-0.9837022423744202},"size":235.87167358398438,"orthographic":false}