{"cameraMode":{"drawMode":0,"name":"Shaded","section":"Shading Mode"},"sceneLighting":true,"audioPlay":false,"sceneViewState":{"m_AlwaysRefresh":false,"showFog":true,"showSkybox":true,"showFlares":true,"showImageEffects":true,"showParticleSystems":true,"showVisualEffectGraphs":true,"m_FxEnabled":true},"in2DMode":false,"pivot":{"x":167.61427307128907,"y":4.879145622253418,"z":125.51943969726563},"rotation":{"x":0.0647880807518959,"y":-0.30512768030166628,"z":0.02080949954688549,"w":0.9498881101608276},"size":0.060872968286275867,"orthographic":false}