{"cameraMode":{"drawMode":0,"name":"Shaded","section":"Shading Mode"},"sceneLighting":true,"audioPlay":false,"sceneViewState":{"m_AlwaysRefresh":false,"showFog":true,"showSkybox":true,"showFlares":true,"showImageEffects":true,"showParticleSystems":true,"showVisualEffectGraphs":true,"m_FxEnabled":true},"in2DMode":false,"pivot":{"x":165.96043395996095,"y":3.8596839904785158,"z":125.31261444091797},"rotation":{"x":0.14119572937488557,"y":-0.8313658833503723,"z":0.24546431005001069,"w":0.4781975746154785},"size":1.2047231197357178,"orthographic":false}