{"cameraMode":{"drawMode":0,"name":"Shaded","section":"Shading Mode"},"sceneLighting":true,"audioPlay":false,"sceneViewState":{"m_AlwaysRefresh":false,"showFog":true,"showSkybox":true,"showFlares":true,"showImageEffects":true,"showParticleSystems":true,"showVisualEffectGraphs":true,"m_FxEnabled":true},"in2DMode":false,"pivot":{"x":-43.37642288208008,"y":21.692028045654298,"z":107.27171325683594},"rotation":{"x":0.011868910863995552,"y":-0.9838628768920898,"z":0.16383090615272523,"w":0.07122649252414704},"size":12.12435531616211,"orthographic":false}