{"cameraMode":{"drawMode":0,"name":"Shaded","section":"Shading Mode"},"sceneLighting":true,"audioPlay":false,"sceneViewState":{"m_AlwaysRefresh":false,"showFog":true,"showSkybox":true,"showFlares":true,"showImageEffects":true,"showParticleSystems":true,"showVisualEffectGraphs":true,"m_FxEnabled":true},"in2DMode":false,"pivot":{"x":168.0076446533203,"y":4.672056198120117,"z":124.84332275390625},"rotation":{"x":0.06303960829973221,"y":-0.16309864819049836,"z":0.010231330059468747,"w":0.984684407711029},"size":1.9626660346984864,"orthographic":false}