{"cameraMode":{"drawMode":0,"name":"Shaded","section":"Shading Mode"},"sceneLighting":false,"audioPlay":false,"sceneViewState":{"m_AlwaysRefresh":false,"showFog":true,"showSkybox":false,"showFlares":true,"showImageEffects":true,"showParticleSystems":true,"showVisualEffectGraphs":true,"m_FxEnabled":true},"in2DMode":false,"pivot":{"x":4.884963035583496,"y":4.0125627517700199,"z":22.521047592163087},"rotation":{"x":0.013978639617562294,"y":-0.7460745573043823,"z":0.015674306079745294,"w":0.6655285358428955},"size":5.713498592376709,"orthographic":false}